INSERT INTO ocr.users (id, admin, created_at, email, first_name, password, updated_at) VALUES (1, false, '2023-03-12 16:14:39.000000', 'user@user.com', 'Vovan', '$2a$10$Vg.NORp8aQN8ZXReHk/5iOpiJR9KBh/Tj9Al0/eZKBAAyeGhvoSu.', '2023-03-12 16:15:19.000000');
INSERT INTO ocr.users (id, admin, created_at, email, first_name, password, updated_at) VALUES (6, false, '2023-04-23 19:33:25.000000', 'user@user200.com', 'Timerd', '$2a$10$DLnVHfpJ0h5i.G5l3/nlve83zy6XjFQHX9BtVuHX1R66GEr3Gi6z.', '2023-04-26 19:05:02.000000');
INSERT INTO ocr.users (id, admin, created_at, email, first_name, password, updated_at) VALUES (8, false, '2023-05-13 11:35:47.000000', 'yoga@studio.com', 'Taller6', '$2a$10$24W2/WupqDL6VjgmH3EFw.IIT/SpnzPqFVNIzkWh7lSN7/huA.Ld.', '2023-05-27 19:18:29.000000');
INSERT INTO ocr.users (id, admin, created_at, email, first_name, password, updated_at) VALUES (9, false, '2023-05-13 17:13:47.000000', 'yoga22@studio.com', 'Ted', '$2a$10$gu8uyXYCF1cM2asChfgCv.p57vMAE/UteMam27UJmejTO2KenFtSu', '2023-05-13 17:15:39.000000');

INSERT INTO ocr.subjects (id, description, title) VALUES (1, 'Aliquip voluptate aliquip irure cupidatat eu ea occaecat. Sit id esse sint veniam sit ad. Enim eu ullamco duis eu eu sint aliquip. Voluptate dolore Lorem laboris commodo consequat sit tempor ad dolore in amet velit occaecat adipisicing. Elit magna magna eu culpa ea deserunt cillum in commodo reprehenderit. Fugiat aliqua voluptate non in veniam. Occaecat occaecat excepteur velit voluptate magna incididunt fugiat consectetur tempor nisi nisi in pariatur ipsum.', 'Informatique');
INSERT INTO ocr.subjects (id, description, title) VALUES (2, 'Aliquip voluptate aliquip irure cupidatat eu ea occaecat. Sit id esse sint veniam sit ad. Enim eu ullamco duis eu eu sint aliquip. Voluptate dolore Lorem laboris commodo consequat sit tempor ad dolore in amet velit occaecat adipisicing. Elit magna magna eu culpa ea deserunt cillum in commodo reprehenderit. Fugiat aliqua voluptate non in veniam. Occaecat occaecat excepteur velit voluptate magna incididunt fugiat consectetur tempor nisi nisi in pariatur ipsum.', 'Techno');
INSERT INTO ocr.subjects (id, description, title) VALUES (3, 'Aliquip voluptate aliquip irure cupidatat eu ea occaecat. Sit id esse sint veniam sit ad. Enim eu ullamco duis eu eu sint aliquip. Voluptate dolore Lorem laboris commodo consequat sit tempor ad dolore in amet velit occaecat adipisicing. Elit magna magna eu culpa ea deserunt cillum in commodo reprehenderit. Fugiat aliqua voluptate non in veniam. Occaecat occaecat excepteur velit voluptate magna incididunt fugiat consectetur tempor nisi nisi in pariatur ipsum.', 'Films');

INSERT INTO ocr.subscriptions (id, subject_id, user_id) VALUES (9, 2, 8);
INSERT INTO ocr.subscriptions (id, subject_id, user_id) VALUES (10, 1, 9);

INSERT INTO ocr.posts (id, created_at, description, title, updated_at, author_id, subject_id) VALUES (1, '2023-04-23 19:05:22.000000', 'Aliquip voluptate aliquip irure cupidatat eu ea occaecat. Sit id esse sint veniam sit ad. Enim eu ullamco duis eu eu sint aliquip. Voluptate dolore Lorem laboris commodo consequat sit tempor ad dolore in amet velit occaecat adipisicing. Elit magna magna eu culpa ea deserunt cillum in commodo reprehenderit. Fugiat aliqua voluptate non in veniam. Occaecat occaecat excepteur velit voluptate magna incididunt fugiat consectetur tempor nisi nisi in pariatur ipsum.', 'Post', null, 1, 1);
INSERT INTO ocr.posts (id, created_at, description, title, updated_at, author_id, subject_id) VALUES (2, '2023-04-23 19:06:00.000000', 'Aliquip voluptate aliquip irure cupidatat eu ea occaecat. Sit id esse sint veniam sit ad. Enim eu ullamco duis eu eu sint aliquip. Voluptate dolore Lorem laboris commodo consequat sit tempor ad dolore in amet velit occaecat adipisicing. Elit magna magna eu culpa ea deserunt cillum in commodo reprehenderit. Fugiat aliqua voluptate non in veniam. Occaecat occaecat excepteur velit voluptate magna incididunt fugiat consectetur tempor nisi nisi in pariatur ipsum.', 'Post2', null, 1, 2);
INSERT INTO ocr.posts (id, created_at, description, title, updated_at, author_id, subject_id) VALUES (3, '2023-04-23 19:20:00.000000', 'Aliquip voluptate aliquip irure cupidatat eu ea occaecat. Sit id esse sint veniam sit ad. Enim eu ullamco duis eu eu sint aliquip. Voluptate dolore Lorem laboris commodo consequat sit tempor ad dolore in amet velit occaecat adipisicing. Elit magna magna eu culpa ea deserunt cillum in commodo reprehenderit. Fugiat aliqua voluptate non in veniam. Occaecat occaecat excepteur velit voluptate magna incididunt fugiat consectetur tempor nisi nisi in pariatur ipsum.', 'Post3', '2023-04-23 19:15:25.000000', 1, 2);
INSERT INTO ocr.posts (id, created_at, description, title, updated_at, author_id, subject_id) VALUES (4, '2023-04-23 19:20:00.000000', 'Aliquip voluptate aliquip irure cupidatat eu ea occaecat. Sit id esse sint veniam sit ad. Enim eu ullamco duis eu eu sint aliquip. Voluptate dolore Lorem laboris commodo consequat sit tempor ad dolore in amet velit occaecat adipisicing. Elit magna magna eu culpa ea deserunt cillum in commodo reprehenderit. Fugiat aliqua voluptate non in veniam. Occaecat occaecat excepteur velit voluptate magna incididunt fugiat consectetur tempor nisi nisi in pariatur ipsum.', 'Post4', '2023-05-13 16:35:19.000000', 1, 3);
INSERT INTO ocr.posts (id, created_at, description, title, updated_at, author_id, subject_id) VALUES (5, '2023-05-18 21:20:22.000000', 'Aliquip voluptate aliquip irure cupidatat eu ea occaecat. Sit id esse sint veniam sit ad. Enim eu ullamco duis eu eu sint aliquip. Voluptate dolore Lorem laboris commodo consequat sit tempor ad dolore in amet velit occaecat adipisicing. Elit magna magna eu culpa ea deserunt cillum in commodo reprehenderit. Fugiat aliqua voluptate non in veniam. Occaecat occaecat excepteur velit voluptate magna incididunt fugiat consectetur tempor nisi nisi in pariatur ipsum.', 'Post5', '2023-05-18 21:20:22.000000', 8, 1);
INSERT INTO ocr.posts (id, created_at, description, title, updated_at, author_id, subject_id) VALUES (6, '2023-05-19 19:43:52.000000', 'Aliquip voluptate aliquip irure cupidatat eu ea occaecat. Sit id esse sint veniam sit ad. Enim eu ullamco duis eu eu sint aliquip. Voluptate dolore Lorem laboris commodo consequat sit tempor ad dolore in amet velit occaecat adipisicing. Elit magna magna eu culpa ea deserunt cillum in commodo reprehenderit. Fugiat aliqua voluptate non in veniam. Occaecat occaecat excepteur velit voluptate magna incididunt fugiat consectetur tempor nisi nisi in pariatur ipsum.', 'Post6', '2023-05-19 19:43:52.000000', 8, 3);
INSERT INTO ocr.posts (id, created_at, description, title, updated_at, author_id, subject_id) VALUES (7, '2023-05-20 18:23:09.000000', 'Aliquip voluptate aliquip irure cupidatat eu ea occaecat. Sit id esse sint veniam sit ad. Enim eu ullamco duis eu eu sint aliquip. Voluptate dolore Lorem laboris commodo consequat sit tempor ad dolore in amet velit occaecat adipisicing. Elit magna magna eu culpa ea deserunt cillum in commodo reprehenderit. Fugiat aliqua voluptate non in veniam. Occaecat occaecat excepteur velit voluptate magna incididunt fugiat consectetur tempor nisi nisi in pariatur ipsum.', 'Post7', '2023-05-20 18:23:09.000000', 8, 2);
INSERT INTO ocr.posts (id, created_at, description, title, updated_at, author_id, subject_id) VALUES (8, '2023-05-21 19:17:51.000000', 'Aliquip voluptate aliquip irure cupidatat eu ea occaecat. Sit id esse sint veniam sit ad. Enim eu ullamco duis eu eu sint aliquip. Voluptate dolore Lorem laboris commodo consequat sit tempor ad dolore in amet velit occaecat adipisicing. Elit magna magna eu culpa ea deserunt cillum in commodo reprehenderit. Fugiat aliqua voluptate non in veniam. Occaecat occaecat excepteur velit voluptate magna incididunt fugiat consectetur tempor nisi nisi in pariatur ipsum.', 'Post8', '2023-05-21 19:17:51.000000', 8, 3);


INSERT INTO ocr.messages (id, created_at, message, author_id, post_id) VALUES (1, '2023-04-23 19:06:27.000000', 'Aliquip voluptate aliquip irure cupidatat', 1, 1);
INSERT INTO ocr.messages (id, created_at, message, author_id, post_id) VALUES (2, '2023-04-23 19:06:42.000000', 'Aliquip voluptate aliquip irure cupidatat', 1, 1);
INSERT INTO ocr.messages (id, created_at, message, author_id, post_id) VALUES (3, '2023-04-23 19:06:43.000000', 'Aliquip voluptate aliquip irure cupidatat', 1, 2);
INSERT INTO ocr.messages (id, created_at, message, author_id, post_id) VALUES (4, '2023-04-23 19:06:43.000000', 'Aliquip voluptate aliquip irure cupidatat', 1, 2);
INSERT INTO ocr.messages (id, created_at, message, author_id, post_id) VALUES (5, '2023-04-23 19:10:43.000000', 'Aliquip voluptate aliquip irure cupidatat', 1, 2);
INSERT INTO ocr.messages (id, created_at, message, author_id, post_id) VALUES (6, '2023-04-23 19:10:43.000000', 'Aliquip voluptate aliquip irure cupidatat', 1, 3);
INSERT INTO ocr.messages (id, created_at, message, author_id, post_id) VALUES (7, '2023-05-17 19:42:43.000000', 'Aliquip voluptate aliquip irure cupidatat', 8, 3);
INSERT INTO ocr.messages (id, created_at, message, author_id, post_id) VALUES (8, '2023-05-17 19:46:05.000000', 'Aliquip voluptate aliquip irure cupidatat', 8, 1);
INSERT INTO ocr.messages (id, created_at, message, author_id, post_id) VALUES (9, '2023-05-18 20:40:14.000000', 'Aliquip voluptate aliquip irure cupidatat', 8, 3);
INSERT INTO ocr.messages (id, created_at, message, author_id, post_id) VALUES (10, '2023-05-19 19:46:36.000000', 'Aliquip voluptate aliquip irure cupidatat', 8, 6);
INSERT INTO ocr.messages (id, created_at, message, author_id, post_id) VALUES (11, '2023-05-21 19:17:57.000000', 'Aliquip voluptate aliquip irure cupidatat', 8, 4);
INSERT INTO ocr.messages (id, created_at, message, author_id, post_id) VALUES (12, '2023-05-29 18:28:50.000000', 'Aliquip voluptate aliquip irure cupidatat', 8, 1);